spec_mean,spec_std,spec_max,spec_sum,spec_p75,spec_p95,dominant_hz,spectral_centroid,spectral_bandwidth,low_band_ratio_10_80,mid_band_ratio_80_180,high_band_ratio_180_500,signal_mean,signal_variance,signal_rms,signal_energy,spectral_entropy,peak_width_bins,zero_crossing_rate,signal_max,signal_min,signal_range,label,file
0.0008743679314298012,0.0010238243609893187,0.005906563729800209,5.414086231413329,0.001539473483610082,0.0029114378016003328,67.33333333333333,258.92719488074783,152.75433985096635,0.17537900153905145,0.22029667439769843,0.6043243240632499,1.2155794414065724e-05,0.000321060055353145,0.017918152893545775,1.9263612186988968,0.8627439371200901,205.0,0.2650441740290048,0.06406690081770144,-0.06368519723137914,0.12775209804908058,background,C:\Users\RUPENDRA SINGH\Desktop\PR project\dataset_simulated\background\background_sim_001.csv
0.0007024373493706949,0.0008247841110239163,0.0042297864894646955,4.349492067303343,0.0012380912217343119,0.002343220941641665,290.0,258.0142519979694,151.58703753384333,0.16733714927225077,0.2418110213688214,0.5908518293589275,-2.7901292692506976e-05,0.00020537924066722874,0.014331085763101227,1.232280114896176,0.8617998323805951,241.0,0.2678779796632772,0.0494934995348063,-0.055280587285489874,0.10477408682029618,background,C:\Users\RUPENDRA SINGH\Desktop\PR project\dataset_simulated\background\background_sim_002.csv
0.000579854773075477,0.0006816702562738274,0.0040087793053725,3.5904607548833534,0.001018334670441604,0.001934645907993985,70.33333333333333,259.51722127383266,156.34108916345485,0.16696518537864008,0.22163509510746243,0.611399719513897,6.813222063587741e-05,0.0001414906317760784,0.01189517859368102,0.8489716426534031,0.8625621585541516,205.0,0.2697116186031005,0.050779636882571484,-0.04844739999600075,0.09922703687857223,background,C:\Users\RUPENDRA SINGH\Desktop\PR project\dataset_simulated\background\background_sim_003.csv
0.0008419260320379629,0.0009966280234023493,0.005222733980548871,5.213205990379066,0.00148454088138494,0.0028335166175776677,211.66666666666666,262.7597784924963,155.32196121856356,0.15140602486277116,0.23100414463536825,0.6175898305018604,1.0280013258962106e-05,0.00029925732654579863,0.017299058709203553,1.7955445933468277,0.8575245981922551,154.0,0.27021170195032507,0.06377532183243839,-0.06466301426246092,0.1284383360948993,background,C:\Users\RUPENDRA SINGH\Desktop\PR project\dataset_simulated\background\background_sim_004.csv
0.0006126479743326341,0.0007212787354628848,0.003771472010213964,3.7935162570676706,0.0010721839087089408,0.0020387308287991663,135.66666666666666,263.2687947777336,160.18851225640836,0.16523377248662552,0.2350236768764201,0.5997425506369541,1.4200047410265353e-05,0.0001574569381863805,0.012548192691687794,0.9447428389663617,0.8610333553892923,87.0,0.2645440906817803,0.047629724642735044,-0.04254101175088894,0.09017073639362398,background,C:\Users\RUPENDRA SINGH\Desktop\PR project\dataset_simulated\background\background_sim_005.csv
0.0008412237181006309,0.0009849259786060191,0.005891958834902751,5.208857262479107,0.001507003515083746,0.0027635645478783447,207.33333333333331,258.55769226999246,152.1915976768062,0.14633238968808343,0.23653228011195185,0.6171353301999645,6.862160983285341e-05,0.00029516792818964097,0.01718058896298311,1.771035822689862,0.8622985723725128,217.0,0.26487747957992996,0.06209452869889959,-0.060846026612534895,0.12294055531143448,background,C:\Users\RUPENDRA SINGH\Desktop\PR project\dataset_simulated\background\background_sim_006.csv
0.0010697069955771733,0.0012744322205794918,0.009126952246511113,6.623625716613858,0.0018870264027158346,0.003551565793131795,29.0,256.8301089367644,155.0865859291606,0.16873024913767237,0.2223483150136826,0.6089214358486449,-0.00018390598538157337,0.0004885601504096121,0.022104161866514444,2.931563830926428,0.8624231670689787,100.0,0.26221036839473244,0.07676078582178991,-0.09867198506544088,0.1754327708872308,background,C:\Users\RUPENDRA SINGH\Desktop\PR project\dataset_simulated\background\background_sim_007.csv
0.0004875481088249875,0.0005736943518072393,0.0030415002685125463,3.0188978898443226,0.0008532294380851842,0.0016467225759606086,291.0,262.1274134625152,156.9120667265587,0.15230882419877984,0.22046212748059837,0.6272290483206212,3.781605824532839e-05,9.939381169584704e-05,0.00996971623217573,0.5963714505006494,0.8629624082143914,255.0,0.2632105350891815,0.03335473914658876,-0.04300876751559432,0.07636350666218308,background,C:\Users\RUPENDRA SINGH\Desktop\PR project\dataset_simulated\background\background_sim_008.csv
0.0005943298288026693,0.0007013253578971047,0.0037639315444714374,4.906787066594838,0.0010548546083956386,0.002001056521376137,246.75,262.0198864344066,156.57833397609633,0.15250167930654213,0.21983320934199116,0.6276651113514664,-6.860971857459464e-05,0.0001478149467666347,0.01215811062871685,1.1825572324809408,0.867867186532421,328.0,0.2694086760845106,0.048516708279787275,-0.047571192905919414,0.09608790118570669,background,C:\Users\RUPENDRA SINGH\Desktop\PR project\dataset_simulated\background\background_web_001.csv
0.0009679548261702039,0.0011460070158956415,0.00838564275472358,7.991435044861204,0.0017186074640102367,0.003249100567350375,215.75,264.3898877592279,159.38465265110972,0.15881283379016073,0.22996427558819432,0.6112228906216448,-3.38778156133096e-05,0.00039490777427603343,0.019872315466055387,3.1592713758593933,0.8667356464311897,113.0,0.2696587073384173,0.08082535370409522,-0.08603363169148966,0.16685898539558486,background,C:\Users\RUPENDRA SINGH\Desktop\PR project\dataset_simulated\background\background_web_002.csv
0.0008963103207667617,0.0010618496072507698,0.006751238906641623,7.399938008250384,0.0015878487650440056,0.002987344709242462,93.75,258.7727578818577,153.9178081813749,0.1466794307476333,0.22848468411067055,0.624835885141696,-0.00014548131527709183,0.0003373976902381797,0.018368964452338474,2.6993508404101956,0.8702710258919774,340.0,0.2717839729966246,0.07175664724879086,-0.0637321934159527,0.13548884066474354,background,C:\Users\RUPENDRA SINGH\Desktop\PR project\dataset_simulated\background\background_web_003.csv
0.0005624768822926452,0.0006710921801171744,0.0051109101877616445,4.643809140208079,0.0009793604873468299,0.0018771293721539773,174.0,260.3349865999827,159.5298993011279,0.15370765371870135,0.22575435681048367,0.6205379894708148,-7.59647793776877e-05,0.00013362654877450319,0.011559944611554551,1.0690585553776728,0.869402573003476,318.0,0.2690336292036505,0.04515718739668686,-0.05633573500796937,0.10149292240465624,background,C:\Users\RUPENDRA SINGH\Desktop\PR project\dataset_simulated\background\background_web_004.csv
0.0006242019298584049,0.0007392810540891094,0.00391848118944228,5.153411132910991,0.0010909464579542095,0.0020984618323484174,186.5,259.41907968939427,155.83704130495042,0.15768143559504297,0.23433122623749322,0.6079873381674636,-7.296280792230536e-05,0.00016384103624256054,0.01280024842781969,1.3107708785112036,0.8696939941552586,236.0,0.26740842605325665,0.060137722890104967,-0.04785891105033674,0.1079966339404417,background,C:\Users\RUPENDRA SINGH\Desktop\PR project\dataset_simulated\background\background_web_005.csv
0.0006264712872036281,0.0007395113407159964,0.004346445983787162,5.172146947153154,0.0011110397744482962,0.0020982635964667154,20.75,259.8576347968418,153.02221536990237,0.1574326336198763,0.22547838093371436,0.6170889854464091,8.610944642438955e-06,0.00016596820822273968,0.012882867785206338,1.3277462589688582,0.8682270054459543,189.0,0.2632829103637955,0.052025955214153485,-0.0404760077328245,0.09250196294697799,background,C:\Users\RUPENDRA SINGH\Desktop\PR project\dataset_simulated\background\background_web_006.csv
0.0007791071123725349,0.0009288994033417604,0.005540235603455864,6.432308319747648,0.0013815892096030796,0.0026197682132779775,36.75,255.97252371239443,151.99830021026372,0.16620011016893285,0.2308351993709057,0.6029646904601613,-6.267378912475847e-05,0.000257377378826827,0.016043107767221107,2.0590504546453614,0.8676472192354105,230.0,0.2669083635454432,0.08181703684436668,-0.055505157865256526,0.1373221947096232,background,C:\Users\RUPENDRA SINGH\Desktop\PR project\dataset_simulated\background\background_web_007.csv
0.0004764977011688683,0.0005629060612159384,0.0034802151481956685,3.9339650208501764,0.0008433691317174109,0.001616082520928183,271.5,262.1463809153221,152.64672769264067,0.14366808536681527,0.23900426720181273,0.6173276474313717,-2.3781866699977076e-06,9.575689322812665e-05,0.00978554540554069,0.7660551910711879,0.8651928338031405,108.0,0.27190898862357793,0.03570822115841639,-0.03661142775099493,0.07231964890941131,background,C:\Users\RUPENDRA SINGH\Desktop\PR project\dataset_simulated\background\background_web_008.csv
0.000921732610800326,0.0011021643346926118,0.010559858322571612,7.609824434767491,0.0016123013946651799,0.003081392729890213,250.25,256.5017897262668,155.2495587495119,0.16948586712213115,0.22136857013577485,0.6091455627420937,0.00017082347179388652,0.0003603112245442616,0.01898263430619621,2.882723241622218,0.8691813492774929,211.0,0.26215776972121513,0.07867326878921688,-0.07538110238113123,0.1540543711703481,background,C:\Users\RUPENDRA SINGH\Desktop\PR project\dataset_simulated\background\background_web_009.csv
0.0006954587349445242,0.0008350992718765905,0.006231363387882876,5.7417073157019916,0.0012208930248829883,0.0023455518669874787,21.25,253.65540148614,154.38339669924616,0.16480472401140348,0.23560085641086098,0.5995944195777353,0.0001412328229136346,0.00020723658985599209,0.014396407071427935,1.6580522925300818,0.8675598690899397,142.0,0.26453306663332915,0.06227089938957116,-0.05363243000995728,0.11590332939952844,background,C:\Users\RUPENDRA SINGH\Desktop\PR project\dataset_simulated\background\background_web_010.csv
0.0008152511601922126,0.0009695896794479566,0.005520150103336252,6.730713578546907,0.0014476913952528037,0.00274014210759076,102.0,257.17369410438874,150.86045098719384,0.16834344984551083,0.22362000096525056,0.6080365491892384,-3.6098336693538325e-06,0.00028178214065336895,0.016786368090932237,2.2542572294741436,0.870997340121579,324.0,0.2622827853481685,0.06955990563622941,-0.06119046196832736,0.13075036760455677,background,C:\Users\RUPENDRA SINGH\Desktop\PR project\dataset_simulated\background\background_web_011.csv
0.0005438923393026934,0.000641247507548002,0.004270016638871554,4.490375153283036,0.0009633480440852042,0.001815922215199427,320.25,258.93686768614765,153.64009785125916,0.1594008846883466,0.22685751601537762,0.6137415992962756,-6.947644457821193e-05,0.00012512860535670195,0.011186305571235447,1.0010674586644255,0.8662153352858585,203.0,0.2655331916489561,0.04879184320434384,-0.046717991355123174,0.09550983455946702,background,C:\Users\RUPENDRA SINGH\Desktop\PR project\dataset_simulated\background\background_web_012.csv
0.0009918550788622132,0.002570985066908964,0.027249827889416097,6.141566648314825,0.0009086677145779961,0.004428288650729159,220.33333333333331,177.2274477014087,124.65745532284801,0.2209570023840024,0.41860504696868,0.3604379506473176,-4.957839339429967e-05,0.0013397170123151541,0.03660217849161776,8.038316821993474,0.7099306563533225,1.0,0.1495249208201367,0.0965458284970256,-0.1001914046799315,0.1967372331769571,fan,C:\Users\RUPENDRA SINGH\Desktop\PR project\dataset_simulated\fan\fan_sim_001.csv
0.0017082347592306212,0.0037523128208643976,0.039983320475313895,10.577389629156006,0.0014191368462937763,0.009867154694527976,357.66666666666663,234.62927541496856,144.77801410361326,0.12029612450757524,0.2727158793361063,0.6069879961563185,0.00012684442727213348,0.0029896565797576666,0.05467789927627429,17.938036015598378,0.7742011360733584,1.0,0.23137189531588598,0.14686342711730832,-0.14379342662287953,0.29065685374018785,fan,C:\Users\RUPENDRA SINGH\Desktop\PR project\dataset_simulated\fan\fan_sim_002.csv
0.0010931350295199076,0.004106859458045936,0.0407610383628491,6.768692102787268,0.0005794241522565886,0.003842595585981665,185.0,129.09981153195895,110.9913270567513,0.2840159078103613,0.5448868523516825,0.1710972398379561,-0.000198096495188447,0.003180199967031972,0.05639360964908505,19.08143525552027,0.5570541913364886,1.0,0.08784797466244373,0.12543962567389622,-0.15255025716977821,0.27798988284367443,fan,C:\Users\RUPENDRA SINGH\Desktop\PR project\dataset_simulated\fan\fan_sim_003.csv
0.0011775578954591765,0.003699479930511947,0.03801484695346733,7.291438488683221,0.0005858845192617424,0.007784383590856423,294.0,186.01410324640338,114.22976495145818,0.13654572335158424,0.4370738390369117,0.4263804376115042,-6.830745673436484e-05,0.0026599296859578956,0.051574551397627705,15.95960611119925,0.7296604875194267,1.0,0.18636439406567762,0.13165759380761083,-0.12275751139095509,0.2544151051985659,fan,C:\Users\RUPENDRA SINGH\Desktop\PR project\dataset_simulated\fan\fan_sim_004.csv
0.0013175406039271972,0.0035138432727744593,0.03640343860020277,8.158211419517205,0.0011954741214335192,0.004584270322663872,230.33333333333331,185.07031266405554,126.13618883030402,0.20683207144063917,0.40054426180958747,0.3926236667497733,-7.435220562436403e-05,0.002485438298658248,0.04985422576781961,14.912662961452375,0.7035642721662749,1.0,0.14819136522753792,0.12532047517592287,-0.1330432764642358,0.2583637516401587,fan,C:\Users\RUPENDRA SINGH\Desktop\PR project\dataset_simulated\fan\fan_sim_005.csv
0.0011472650790296834,0.0027592641345565495,0.027338485270854425,7.1038653693518,0.001188052692179371,0.004524754163717084,353.0,214.13989926754357,125.31172084968581,0.06994664421748611,0.35127003412231633,0.5787833216601976,0.00015933053683854552,0.001574346106228027,0.039678350424986124,9.446228954687978,0.7561477872662622,2.0,0.19986664444074012,0.0968083915379774,-0.10461098843652543,0.20141937997450282,fan,C:\Users\RUPENDRA SINGH\Desktop\PR project\dataset_simulated\fan\fan_sim_006.csv
0.0013821568939752084,0.003898327249122403,0.041067307702186355,8.55831548749449,0.0012695676588973044,0.004859656770688826,406.3333333333333,213.14045489441722,117.73800540999447,0.01199521856493383,0.4014878995060157,0.5865168819290504,0.0001604124006920983,0.003019680874893981,0.05495185717546112,18.118239642193664,0.667806397907697,1.0,0.18986497749624937,0.14918681061841582,-0.1365749369216204,0.28576174754003625,fan,C:\Users\RUPENDRA SINGH\Desktop\PR project\dataset_simulated\fan\fan_sim_007.csv
0.0020312914155418697,0.005755088595107936,0.05759440454273555,12.577756445035257,0.0014651386249773005,0.01123599102304961,352.3333333333333,205.64768501634072,129.9107962114104,0.11550839974601095,0.322781049065439,0.5617105511885501,-9.701014407428534e-06,0.0065488978625154555,0.08092526154807989,39.29338773975082,0.752700375610448,2.0,0.19186531088514752,0.19238255187427825,-0.1900408096599823,0.38242336153426054,fan,C:\Users\RUPENDRA SINGH\Desktop\PR project\dataset_simulated\fan\fan_sim_008.csv
0.0010404930844052332,0.0034198118011916643,0.03463371465520986,8.590310904849606,0.0007513277459634764,0.002885648520369306,347.5,219.54522570479386,108.70061831252866,0.004446177448781766,0.32254173278075593,0.6730120897704623,-5.3717239219174405e-05,0.0022573517649800714,0.04751162647733563,18.05883720417488,0.6946198792382124,1.0,0.1991498937367171,0.11429406852584756,-0.11783902386594389,0.23213309239179145,fan,C:\Users\RUPENDRA SINGH\Desktop\PR project\dataset_simulated\fan\fan_web_001.csv
0.0015836606706532376,0.00429761269978735,0.04318151784816443,13.07470249691313,0.0015596110919311285,0.004446003353636302,294.5,197.97926891878777,115.26049883709759,0.0146787925849162,0.6550734067886937,0.3302478006263901,0.0001414731375254424,0.00369685651407858,0.06080194510644558,29.575012229817773,0.6867807168502642,1.0,0.15876984623077886,0.2022026694264796,-0.15216568891768448,0.3543683583441641,fan,C:\Users\RUPENDRA SINGH\Desktop\PR project\dataset_simulated\fan\fan_web_002.csv
0.001597254775275107,0.0030100405127602378,0.030539337448374625,13.186935424671283,0.001798419571485224,0.008178820676464162,355.25,238.58840086095543,145.12227561894196,0.13116049499070243,0.24929107761897226,0.6195484273903253,-0.00021282192526576863,0.002044265144116835,0.04521405132576276,16.354483498309673,0.7942828345612629,1.0,0.25203150393799223,0.14100277992966415,-0.14758193724727464,0.2885847171769388,fan,C:\Users\RUPENDRA SINGH\Desktop\PR project\dataset_simulated\fan\fan_web_003.csv
0.001937780243490829,0.004816218719298829,0.05339922588494773,15.998313690260284,0.001194715546563979,0.011585226666487168,351.75,231.47707346157966,139.96409682827914,0.11837162622244389,0.27834617503232306,0.6032821987452329,0.00013447607851087742,0.004728545128147809,0.06876454909299923,37.82850569570801,0.7604427045212324,1.0,0.23940492561570195,0.17781085892334064,-0.17636111447043915,0.3541719733937798,fan,C:\Users\RUPENDRA SINGH\Desktop\PR project\dataset_simulated\fan\fan_web_004.csv
0.0016233960516609804,0.004595969708369096,0.048474694994561036,13.402757802513054,0.0014309365520281197,0.005439722676997799,434.25,243.04989848237756,130.6645210120782,0.08138480040129557,0.17480506564079268,0.7438101339579116,6.789483949044825e-05,0.004176661504435285,0.06462713140890995,33.41332891315612,0.7783500948675973,2.0,0.22827853481685212,0.16131844664418274,-0.1677662144192212,0.32908466106340395,fan,C:\Users\RUPENDRA SINGH\Desktop\PR project\dataset_simulated\fan\fan_web_005.csv
0.0009291426836957153,0.002041004887771452,0.021951236020749613,7.6710019965918255,0.0007550465040836488,0.005403702235126497,405.0,243.95483434535024,147.08537938968843,0.12243239034896851,0.24360073802790047,0.633966871623131,-7.884919171092604e-05,0.0008901430732637282,0.029835369789207603,7.121194323670093,0.7927074965761137,2.0,0.2625328166020753,0.08703487378447275,-0.08352125016282311,0.17055612394729586,fan,C:\Users\RUPENDRA SINGH\Desktop\PR project\dataset_simulated\fan\fan_web_006.csv
0.0017357152864372887,0.004126493290599376,0.04482463807838343,14.330065404826255,0.0009360672026831921,0.01112094463126016,354.25,235.1674165479345,143.00229023971852,0.11286104234815339,0.2795065126131516,0.607632445038695,-4.809838405240879e-05,0.0035344337972084993,0.059451123712366,28.275488885304377,0.7572317224478622,1.0,0.2409051131391424,0.1432032419487705,-0.16299203172158203,0.3061952736703525,fan,C:\Users\RUPENDRA SINGH\Desktop\PR project\dataset_simulated\fan\fan_web_007.csv
0.0017958955971836043,0.004624390369624051,0.04812222281584869,14.826914050347836,0.001214084479238976,0.012717398818725825,310.0,218.62301508340886,133.80061813918635,0.11534968795647763,0.373590254840584,0.5110600572029383,-5.256640788998632e-05,0.004355353908104421,0.06599512611800708,34.84285337065328,0.7529374328175018,1.0,0.2076509563695462,0.1638898079578273,-0.18165264865905384,0.3455424566168811,fan,C:\Users\RUPENDRA SINGH\Desktop\PR project\dataset_simulated\fan\fan_web_008.csv
0.0014498654645867823,0.0057566938648379,0.05712992465143749,11.970089275628474,0.0005293569739755557,0.007765159590518841,257.75,163.3075825866668,85.8683132332489,0.08035832868026792,0.5181203199217262,0.40152135139800593,-0.00019787145823548449,0.006215659204830806,0.078839700392282,49.72558686355832,0.6949015168942859,2.0,0.14701837729716213,0.17148359066693522,-0.2182201394111436,0.3897037300780788,fan,C:\Users\RUPENDRA SINGH\Desktop\PR project\dataset_simulated\fan\fan_web_009.csv
0.0010476645746772596,0.002304654796685277,0.024434903785665093,8.649518728535455,0.0012411103558973582,0.0035700928384927635,335.0,205.6646542785397,133.92273360178842,0.13309569306337315,0.36183822642245017,0.5050660805141766,0.00019291900770179238,0.0011301974595439002,0.033618963060859465,9.041877418299464,0.7494360022079505,1.0,0.19352419052381548,0.103167120597216,-0.09450658219628749,0.1976737027935035,fan,C:\Users\RUPENDRA SINGH\Desktop\PR project\dataset_simulated\fan\fan_web_010.csv
0.0013720189979994596,0.003458532973117636,0.03435441458453727,11.327388847483538,0.0009768995371926452,0.009259018748764045,198.5,187.75876340124907,123.04777246095111,0.22382708792889883,0.37874237493819507,0.3974305371329061,1.7752090263436494e-05,0.0024428764742969937,0.04942546701280325,19.54301431546962,0.7390029824948298,1.0,0.1576447055881985,0.12348394548198936,-0.1335637303069729,0.25704767578896226,fan,C:\Users\RUPENDRA SINGH\Desktop\PR project\dataset_simulated\fan\fan_web_011.csv
0.0021023488181362076,0.004888291498757486,0.051256512977842096,17.35699184253253,0.0015818272726964024,0.013010841488505077,350.75,231.6211690688732,140.74973896549182,0.1303801323510252,0.26354508014969785,0.606074787499277,2.9346840843924178e-05,0.004991516509074032,0.07065067140736243,39.93213896248879,0.7458863677949219,1.0,0.22402800350043756,0.17781506616651255,-0.17896984652694833,0.3567849126934609,fan,C:\Users\RUPENDRA SINGH\Desktop\PR project\dataset_simulated\fan\fan_web_012.csv
0.0011648741922171786,0.004558625879428443,0.0640049272326804,7.21290099820877,0.0008660592487307363,0.0021912173304127706,40.666666666666664,119.76578484590044,112.04859183399763,0.5412953295677088,0.44565087129880254,0.013053799133488673,8.737076246432326e-05,0.0039059855607701016,0.06249794552159483,23.43595916652141,0.7241983992007837,125.0,0.07717952992165361,0.170293370840215,-0.1880624004993585,0.3583557713395735,human,C:\Users\RUPENDRA SINGH\Desktop\PR project\dataset_simulated\human\human_sim_001.csv
0.001250832227309546,0.004775743766881543,0.07197440585949962,7.745153151500709,0.0010177684198896726,0.0025755077330452715,42.0,118.30945614315686,125.08812328428883,0.7544786682430432,0.22927702745467132,0.016244304302285514,0.00013607116775364537,0.004300127086864627,0.06557549544019718,25.80087361336393,0.6799483430437837,53.0,0.07851308551425237,0.16910911719091604,-0.17676098291599712,0.34587010010691316,human,C:\Users\RUPENDRA SINGH\Desktop\PR project\dataset_simulated\human\human_sim_002.csv
0.0014335644557648705,0.003910398745846987,0.056729975360149454,8.876631110096078,0.0015061406182423083,0.0037939634021617874,60.0,158.9106427362492,131.54848302988418,0.4365671913046528,0.48677095795482694,0.07666185074052025,-2.7183161965505993e-05,0.0030384510621261343,0.05512215345077176,18.230710806302575,0.7668583398806968,117.0,0.10751791965327555,0.14466516742366625,-0.14955131512315967,0.2942164825468259,human,C:\Users\RUPENDRA SINGH\Desktop\PR project\dataset_simulated\human\human_sim_003.csv
0.0010570919873906749,0.0025492628135694935,0.04417926212434157,6.545513585923059,0.0014132347130246393,0.002956319306397122,41.0,180.6485304164913,152.96951215539224,0.6806474621808463,0.20888539311002663,0.11046714470912723,-3.9846852688511986e-05,0.0013382547555199113,0.03658218614697023,8.029538059749482,0.716728625199656,30.0,0.14019003167194533,0.14201076711137334,-0.11410741248883904,0.2561181796002124,human,C:\Users\RUPENDRA SINGH\Desktop\PR project\dataset_simulated\human\human_sim_004.csv
0.0008185964880568793,0.0034518717442769235,0.05123626259802614,5.068749454048197,0.0006521446568752882,0.0014904024230784677,112.0,139.81075205953928,106.86611493996914,0.4071643918857158,0.5788521726186565,0.013983435495627798,-2.551648952368996e-05,0.0022217326407426206,0.047135265903926526,13.33039975100315,0.7007923583896437,76.0,0.11701950325054175,0.11675582397819953,-0.11705082370563802,0.23380664768383755,human,C:\Users\RUPENDRA SINGH\Desktop\PR project\dataset_simulated\human\human_sim_005.csv
0.001300213296390815,0.004435717048908039,0.07941861404141655,8.050920731251926,0.0012621855997137473,0.003085424651258461,126.0,141.33141427924497,125.84398065756626,0.4602976811460778,0.49474091240541873,0.04496140644850356,0.00015878355739938648,0.003760387518591329,0.061322204223343356,22.562476384856577,0.7450450591790605,113.0,0.10935155859309885,0.24292556393658615,-0.22920166718382107,0.4721272311204072,human,C:\Users\RUPENDRA SINGH\Desktop\PR project\dataset_simulated\human\human_sim_006.csv
0.0010980587325587292,0.004106520421752479,0.06327950359002667,6.7991796720036515,0.0010820451536265431,0.0023410731465577077,99.33333333333333,152.04709564010145,129.72427194021842,0.42195673829585734,0.5503457216326233,0.027697540071519294,3.72023689285934e-05,0.0031734047394224555,0.05633299320503669,19.040436740632256,0.6475091583456051,34.0,0.11068511418569761,0.15331132598993902,-0.14936355240503704,0.3026748783949761,human,C:\Users\RUPENDRA SINGH\Desktop\PR project\dataset_simulated\human\human_sim_007.csv
0.0015295127914448238,0.005054006913793288,0.06688896665633323,9.470743204626348,0.0014117752362099935,0.0033250653213912295,70.66666666666666,138.75436415225207,127.48651556014812,0.5247523492301492,0.44569783712032635,0.029549813649524494,1.6187149912378554e-05,0.004903247071172879,0.07002319139539914,29.419483999180205,0.7289316086739582,86.0,0.09118186364394065,0.1768064770871302,-0.1974130186643178,0.374219495751448,human,C:\Users\RUPENDRA SINGH\Desktop\PR project\dataset_simulated\human\human_sim_008.csv
0.0007230573566902118,0.0029218694676916186,0.05218287463272618,5.969561536834389,0.0007323724360902496,0.0015601500687192887,45.25,133.73543881900218,154.20645710063062,0.964499726483231,0.009638122040211288,0.025862151476557797,3.5474054136978754e-05,0.0015962944635536016,0.039953669693310004,12.770365775696948,0.600317548028045,57.0,0.09076134516814602,0.12150796639288361,-0.1271000433879991,0.2486080097808827,human,C:\Users\RUPENDRA SINGH\Desktop\PR project\dataset_simulated\human\human_web_001.csv
0.0013344620043397844,0.005352994581398656,0.0894056493523284,11.01731830782926,0.001203124592672581,0.0026599759671359843,152.75,151.70637202582347,116.24488833295099,0.26908558650696623,0.7105774992629418,0.020336914230091912,5.570440773356612e-05,0.005372723227186619,0.07329888355335065,42.981810641341276,0.6880029302475796,45.0,0.10451306413301663,0.20439339861362404,-0.21150524205437796,0.415898640668002,human,C:\Users\RUPENDRA SINGH\Desktop\PR project\dataset_simulated\human\human_web_002.csv
0.000973800022559721,0.005390507974623091,0.09500987871685923,8.039692986253057,0.0006198622881865021,0.0013370810197939785,17.5,90.8900733859101,127.37416577901237,0.9928915918604666,0.0019400936777992169,0.005168314461734022,8.170322078189383e-05,0.005279671536841846,0.0726613942355783,42.23742569806505,0.5632237880968589,28.0,0.07488436054506814,0.2030995229616736,-0.20892545699555212,0.41202497995722576,human,C:\Users\RUPENDRA SINGH\Desktop\PR project\dataset_simulated\human\human_web_003.csv
0.0007593229470644495,0.0038362508282619562,0.07455211309224596,6.268970250964095,0.0005544727398017193,0.0012603943353965924,13.5,119.31208718670823,106.21146570312905,0.5029883369906615,0.48855584487594983,0.008455818133388731,7.290461976055262e-05,0.002691207086647776,0.051876896608522745,21.52969921385087,0.7653957911352752,26.0,0.09863732966620828,0.18349215349321074,-0.17880194832967233,0.3622941018228831,human,C:\Users\RUPENDRA SINGH\Desktop\PR project\dataset_simulated\human\human_web_004.csv
0.001919357260204212,0.006332970985890673,0.0941329451587129,15.846213540245973,0.0016106446764875583,0.004797202807420845,44.25,136.05566812105278,118.9671286157945,0.5226450773557356,0.42484130814925797,0.0525136144950064,-1.691732203895313e-05,0.007687067592860032,0.08767592531051964,61.49654303244654,0.7430528261189089,91.0,0.09476184523065383,0.2339303923986198,-0.24079210208610038,0.47472249448472015,human,C:\Users\RUPENDRA SINGH\Desktop\PR project\dataset_simulated\human\human_web_005.csv
0.0011293848208742247,0.0033827096879045335,0.05578362606827165,9.324201081137598,0.0011941133681892173,0.002898039286511904,52.25,153.03160020654954,130.51868154217905,0.5353883518906435,0.38442465404428533,0.08018699406507106,-9.959396946236723e-05,0.002225997654797466,0.047180584711894145,17.808060590049756,0.7538491144759537,58.0,0.12014001750218778,0.14854462170808508,-0.14599265585679252,0.2945372775648776,human,C:\Users\RUPENDRA SINGH\Desktop\PR project\dataset_simulated\human\human_web_006.csv
0.0012445934784294452,0.005030939945409852,0.07339760547039255,10.2753637579135,0.0005532442041759883,0.004514486005689985,69.75,144.88765588669892,103.81576458566732,0.41840800641396214,0.3063337772559053,0.2752582163301325,4.2008046335222024e-05,0.004737518115260685,0.06882964390389247,37.90015903949313,0.7872567892725063,124.0,0.10201275159394925,0.17304760065635924,-0.1858492520811781,0.35889685273753735,human,C:\Users\RUPENDRA SINGH\Desktop\PR project\dataset_simulated\human\human_web_007.csv
0.0007238533797353357,0.0024139651533804,0.049215879857764266,5.976133503094932,0.0007716492130333079,0.0017891035373638715,160.25,164.71613468421137,123.21613782741966,0.20736523256654685,0.7300277683946966,0.06260699903875648,-4.573958390687873e-05,0.001115837661809503,0.03340418767039604,8.926718031352312,0.7376992883703261,59.0,0.1326415801975247,0.11543371665867948,-0.1140520625883388,0.2294857792470183,human,C:\Users\RUPENDRA SINGH\Desktop\PR project\dataset_simulated\human\human_web_008.csv
0.0010958486824813741,0.005778077299284058,0.08924388431273242,9.047326722566225,0.0006430024487711606,0.0014154698589598069,22.5,94.2191908717899,126.76158826204512,0.9933087156714533,0.001774488293751634,0.004916796034794973,-4.608043106431314e-08,0.006093205182060489,0.07805898527435912,48.7456414565009,0.5599004448398419,31.0,0.04513064133016627,0.1915975378483265,-0.18937901303401083,0.38097655088233734,human,C:\Users\RUPENDRA SINGH\Desktop\PR project\dataset_simulated\human\human_web_009.csv
0.001513607500848123,0.004680259878853146,0.08019716505591147,12.496343527002104,0.0014940700587479064,0.0037040019478928893,47.25,153.44870535041974,127.62286124178881,0.46867440617518236,0.4525964245770489,0.0787291692477686,-8.860654688625172e-05,0.004264619679061015,0.06530411572160798,34.117020241449325,0.772041412497831,118.0,0.1297662207775972,0.2081982590718353,-0.2092719676580706,0.4174702267299059,human,C:\Users\RUPENDRA SINGH\Desktop\PR project\dataset_simulated\human\human_web_010.csv
0.0010289080688147343,0.004216070800067068,0.0745358814643357,8.494665016134446,0.0008785302444428326,0.00200204999987618,160.5,142.7929074874097,110.73861212579543,0.3049262463614451,0.6550813725645173,0.039992381074037645,6.760680727978085e-05,0.0033083171560662804,0.057518012193978604,26.466573813973373,0.7340777113556659,50.0,0.11051381422677835,0.1725069401184913,-0.17956270862702547,0.3520696487455168,human,C:\Users\RUPENDRA SINGH\Desktop\PR project\dataset_simulated\human\human_web_011.csv
0.0010490271104295263,0.004593115953259774,0.06755343544546598,8.66076782370617,0.00080063347290734,0.0017346072459223012,53.5,133.3795585780255,119.26166072725367,0.5837929057614669,0.40420867468209437,0.011998419556438704,-4.196311678994828e-05,0.003913336352325647,0.06255667920557179,31.306704905830536,0.6409508444831892,104.0,0.08513564195524441,0.15655652123685615,-0.14932058715997812,0.30587710839683424,human,C:\Users\RUPENDRA SINGH\Desktop\PR project\dataset_simulated\human\human_web_012.csv
0.0008707136951823313,0.0017279567035910891,0.024605257071369305,5.391459200568995,0.0012785190934770313,0.0025610515524833667,36.0,205.4578029308902,164.59744904652317,0.7214035936545181,0.09453675141356681,0.18405965493191498,-4.995155977107897e-05,0.0006607475075579974,0.02570505792089022,3.9645000162979263,0.7101924817133153,20.0,0.15135855975996,0.07699667726522462,-0.07874041075530322,0.15573708802052783,pet,C:\Users\RUPENDRA SINGH\Desktop\PR project\dataset_simulated\pet\pet_sim_001.csv
0.0009587466201029732,0.0016307029815129464,0.022044773582331516,5.93655907167761,0.0014154217188538554,0.003029290730844127,85.33333333333333,228.80656464409034,142.38979666768134,0.12529192644813034,0.3856511985756915,0.48905687497617795,-1.2298110710575811e-05,0.0006225885873836992,0.024951728169151456,3.735532431763357,0.8361738921723653,180.0,0.21986997832972163,0.0845950055578384,-0.08942100284108866,0.17401600839892706,pet,C:\Users\RUPENDRA SINGH\Desktop\PR project\dataset_simulated\pet\pet_sim_002.csv
0.0008680268141564236,0.0033874904186240724,0.0518955001133744,5.374822033256575,0.0008567989046887722,0.001810827640623587,47.33333333333333,143.72321612003458,124.63389810626575,0.6298569654111442,0.3451154611624511,0.025027573426404565,1.3507405196367015e-05,0.0021542461145654386,0.04641385888951094,12.925477782092603,0.6815479495716309,61.0,0.12385397566261043,0.13516982138569036,-0.13629896027888574,0.2714687816645761,pet,C:\Users\RUPENDRA SINGH\Desktop\PR project\dataset_simulated\pet\pet_sim_003.csv
0.000936949121231036,0.0037531199595254193,0.04986953860428738,5.801588958662575,0.0006733287413903182,0.0016808309886683307,54.0,127.18295733293125,109.98868124885058,0.4943584939688047,0.493328193358741,0.01231331267245434,1.7660213459393218e-05,0.0026306263436980714,0.051289634972196976,15.783759933487264,0.7201088172656325,67.0,0.09134855809301551,0.12121980218930258,-0.12274015322892001,0.24395995541822257,pet,C:\Users\RUPENDRA SINGH\Desktop\PR project\dataset_simulated\pet\pet_sim_004.csv
0.0007587017274564826,0.00260694327793786,0.028886895225186487,4.697881096410541,0.0006468161691786593,0.0015656384825038106,48.666666666666664,141.4642748809646,118.50380809806529,0.4778326580868914,0.44123372478663075,0.08093361712647794,-0.00011033876581179913,0.001295251821681615,0.03598977627500421,7.771583977949135,0.7537940730561251,103.0,0.10101683613935655,0.0894703529431749,-0.09349078068677491,0.1829611336299498,pet,C:\Users\RUPENDRA SINGH\Desktop\PR project\dataset_simulated\pet\pet_sim_005.csv
0.0009394896310583264,0.0024552350753582987,0.0339372720869713,5.817319795513157,0.0010346371935792973,0.002543882097474075,87.33333333333333,195.61022836318844,128.21351973177016,0.10394757786263827,0.6286801248839065,0.2673722972534553,-0.00011726270206707664,0.0012103941059846092,0.034790916293278414,7.262447139155432,0.7899219308257136,82.0,0.1743623937322887,0.09438860811477352,-0.09138064644828053,0.18576925456305404,pet,C:\Users\RUPENDRA SINGH\Desktop\PR project\dataset_simulated\pet\pet_sim_006.csv
0.0008377882810306288,0.002640412040712422,0.03292164326197414,5.187585036141654,0.0008468521379969109,0.0019361926922157036,140.33333333333331,174.97677929418202,116.55120396154702,0.19578512826120129,0.567889277451651,0.2363255942871477,-4.861317232221304e-05,0.001346586488015543,0.036695896926714655,8.079533107536395,0.7554131464490741,115.0,0.14002333722287047,0.09431046773334381,-0.09510682696555461,0.18941729469889843,pet,C:\Users\RUPENDRA SINGH\Desktop\PR project\dataset_simulated\pet\pet_sim_007.csv
0.000723005517054518,0.0030627208224687282,0.048736301720118516,4.4768501616015755,0.0006499443937777827,0.0014169483177206756,42.33333333333333,135.6976479467737,127.67693353023476,0.7188607860626167,0.26250160388064603,0.01863761005673729,-5.443960081533914e-05,0.0017396513941633422,0.04170916395510079,10.437926147000875,0.6421708751580854,16.0,0.09634939156526087,0.1141356063324653,-0.11849741038633989,0.2326330167188052,pet,C:\Users\RUPENDRA SINGH\Desktop\PR project\dataset_simulated\pet\pet_sim_008.csv
0.001113945550091337,0.0040025780690769956,0.05400821649874592,9.196734461554078,0.0011068276448428795,0.0023802631546592625,76.75,141.75765354620006,135.11997412046225,0.7353872074963002,0.23580216259913567,0.02881062990456415,4.448878256205925e-05,0.0030464365971577534,0.055194552053708414,24.37150861127622,0.684342745879991,57.0,0.0981372671583948,0.1354655222018425,-0.14612764088561842,0.2815931630874609,pet,C:\Users\RUPENDRA SINGH\Desktop\PR project\dataset_simulated\pet\pet_web_001.csv
0.0008111930155483075,0.0020044589750472727,0.035398221376946426,6.697209536366827,0.0010188556149159451,0.0023172876472279088,40.0,167.65602493930942,142.8231144114539,0.49358132995572623,0.4119620910476543,0.09445657899661941,-8.763855675994844e-05,0.000823463617112505,0.02869618960121946,6.587770381033088,0.771006427661984,43.0,0.15139392424053005,0.10951419437110783,-0.10430912370746172,0.21382331807856955,pet,C:\Users\RUPENDRA SINGH\Desktop\PR project\dataset_simulated\pet\pet_web_002.csv
0.0015481661095087156,0.0039784852514819615,0.0439299115964825,12.781659400103957,0.001505875300322751,0.005863279595516858,78.0,180.51463959697543,127.87752222703568,0.34720220133219504,0.4176145365655712,0.23518326210223378,-0.00010859549431538429,0.0032255980870025073,0.05679445289800662,25.804879039871143,0.8021685724786317,135.0,0.13651706463307914,0.1401026153867898,-0.12735955404316557,0.2674621694299554,pet,C:\Users\RUPENDRA SINGH\Desktop\PR project\dataset_simulated\pet\pet_web_003.csv
0.0008401075140455277,0.0032463404620795694,0.049206318661712406,6.935927635959876,0.0008114043715882412,0.0017897216523141534,111.5,157.49158365895633,117.64787953460088,0.20922721605686784,0.7666942688152606,0.024078515127871607,9.758110636896066e-05,0.0019788997397780454,0.044484932975675774,15.831274094802925,0.6965186927628091,58.0,0.1265158144768096,0.11679201209270815,-0.11695219087218924,0.2337442029648974,pet,C:\Users\RUPENDRA SINGH\Desktop\PR project\dataset_simulated\pet\pet_web_004.csv
0.0011133216733297687,0.0033888983358521555,0.043395500652915045,9.191583735010571,0.0009374024576701486,0.003646880828049357,81.5,193.40635542614604,120.77772366089538,0.18351207187110238,0.3929921157536087,0.4234958123752889,0.00011379231983176518,0.0022325361463831016,0.047249858148730506,17.860392760601236,0.8212987468117168,183.0,0.1742717839729966,0.1113593867987737,-0.11339657356450186,0.22475596036327555,pet,C:\Users\RUPENDRA SINGH\Desktop\PR project\dataset_simulated\pet\pet_web_005.csv
0.0014076011480885775,0.004645325342389792,0.05490565657803224,11.621155078619296,0.0010618364484980608,0.004651278595114896,66.5,170.5715194318405,112.36487650846175,0.2785633725155974,0.4143236940480912,0.30711293343631146,3.607141549663566e-06,0.004157904045977365,0.06448181184635582,33.26323247191067,0.8041835407466511,147.0,0.14726840855106887,0.13845773885830437,-0.14342468696933408,0.28188242582763845,pet,C:\Users\RUPENDRA SINGH\Desktop\PR project\dataset_simulated\pet\pet_web_006.csv
0.0007474841423925785,0.0015835025942893854,0.024532161896543545,6.171229079593128,0.0009195437595799928,0.0024576115747145747,59.0,208.39019603176268,138.26729372706825,0.25446258148060213,0.36419020897219223,0.3813472095472056,-4.135594330271032e-06,0.0005377456227324333,0.023189343238556235,4.30196511868459,0.8292332581264553,136.0,0.15864483060382548,0.07488167964203682,-0.07908100718624543,0.15396268682828224,pet,C:\Users\RUPENDRA SINGH\Desktop\PR project\dataset_simulated\pet\pet_web_007.csv
0.0010118675721356085,0.003284633649417438,0.050367522127618934,8.353978675551584,0.0008749716414153714,0.003201714396236668,64.0,168.53360591427233,122.45175374573458,0.34019330767356787,0.498758357155273,0.16104833517115927,4.332051620128312e-05,0.0020676056944068746,0.045470953047786436,16.540860568591988,0.7732890063655655,84.0,0.15789473684210525,0.1358155252677644,-0.14152872877579065,0.277344254043555,pet,C:\Users\RUPENDRA SINGH\Desktop\PR project\dataset_simulated\pet\pet_web_008.csv
0.0012874823215120942,0.0031523950910763675,0.04648010471315099,10.62945404640385,0.0015428127342697177,0.0036359528894605968,21.75,220.04102379989635,138.3850128824596,0.2648255758173476,0.19991620416131933,0.5352582200213332,-4.5084419533588436e-05,0.0020477637145623487,0.04525224576932325,16.38212597733787,0.8349593645765994,95.0,0.20227528441055131,0.13055366743716842,-0.1460696939995934,0.2766233614367618,pet,C:\Users\RUPENDRA SINGH\Desktop\PR project\dataset_simulated\pet\pet_web_009.csv
0.0007953045160835253,0.003644082680882451,0.05553726839117711,6.566034084785585,0.0005260230464792014,0.001283704949783983,82.5,169.33429264742816,99.94623323343441,0.03930507121808772,0.6761849446013543,0.284509984180558,1.84989012605882e-05,0.0024515341897760508,0.049512973370475326,19.612276255883188,0.7506615470904058,75.0,0.15101887735966996,0.1223355338138157,-0.13102652583623003,0.25336205965004577,pet,C:\Users\RUPENDRA SINGH\Desktop\PR project\dataset_simulated\pet\pet_web_010.csv
0.0014701950629692668,0.0038589581743674202,0.047168903821848754,12.137930439874268,0.0011723656597215889,0.008704165364710652,97.25,224.46859872169767,137.18961818882042,0.12932904469687723,0.37102781688211783,0.499643138421005,0.00021364571371791327,0.0030016878571121294,0.0547880780973664,24.013868012824954,0.8414256660865477,175.0,0.20677584698087262,0.17102829658665242,-0.1303051179358406,0.301333414522493,pet,C:\Users\RUPENDRA SINGH\Desktop\PR project\dataset_simulated\pet\pet_web_011.csv
0.0007492233977299463,0.0017930914484336322,0.026688309736634344,6.185588371658437,0.0009256266722546104,0.002103004767255361,287.25,214.06544336504822,131.3261438894849,0.16464172545922506,0.2874919649572369,0.547866309583538,1.9383278747239115e-06,0.0006650026954729805,0.025787646252228905,5.320021593840764,0.824924125378,162.0,0.20015001875234403,0.08473821085522372,-0.08637903900170811,0.17111724985693183,pet,C:\Users\RUPENDRA SINGH\Desktop\PR project\dataset_simulated\pet\pet_web_012.csv
